{"train": {"msec_per_batch": 487.31017098775726, "d_temp": 1.7014132738113403, "gen_pert_loss": 0.16651952599632064, "gen_param_drift_loss": 0.36903239501478824, "gen_loss": 0.16651952599632064, "d_pert_loss": 5.561686771671947, "d_pert_acc": 0.003782346817370613, "gen_scalar": -0.000617996367110741, "d_train_loss": 5.546734007393441, "d_train_acc": 0.004025226799524093}, "val": {"msec_per_batch": 92.37539368409377, "d_temp": 1.7014132738113403, "d_train_loss": 5.583771008711595, "d_train_acc": 0.004057963329562594, "d_cal_ece": 0.005705984291405632, "perturbation_loss": 0.0031939262407831848, "perturbation_confusion_loss": 5.5855153523958645, "pdisc_loss": 2.1048646087829885, "pdisc_acc": 0.4803523873491704}, "test": {"msec_per_batch": 93.04404628276825, "d_temp": 1.7014132738113403, "d_train_loss": 5.585240002721548, "d_train_acc": 0.00390625, "d_cal_ece": 0.004966629425325664, "perturbation_loss": 0.003194133858414716, "perturbation_confusion_loss": 5.585517855361104, "pdisc_loss": 2.2899955436587334, "pdisc_acc": 0.382171630859375}, "_timestamp": 1688075720.8883047, "_runtime": 177.1647186279297, "_step": 0, "_wandb": {"runtime": 176}}