{"train": {"msec_per_batch": 3414.997951749476, "d_temp": 1.7014132738113403, "gen_pert_loss": 44.540646576801905, "gen_param_drift_loss": 2.199380098901144, "gen_loss": 44.540646576801905, "d_pert_loss": 5.567497360415575, "d_pert_acc": 0.004144389500297442, "gen_scalar": 0.009555812572824191, "d_train_loss": 5.472395582896907, "d_train_acc": 0.010837113325401547}, "val": {"msec_per_batch": 56.89411552135761, "d_temp": 1.7014132738113403, "d_train_loss": 5.517962584128747, "d_train_acc": 0.003380408653846154, "d_cal_ece": 0.0063640388051191205, "perturbation_loss": 0.00023340144532714755, "perturbation_confusion_loss": 5.576803730084346, "pdisc_loss": 2.1050445322807017, "pdisc_acc": 0.48313478035444946}, "test": {"msec_per_batch": 54.88783776760101, "d_temp": 1.7014132738113403, "d_train_loss": 5.518299641087651, "d_train_acc": 0.00390625, "d_cal_ece": 0.005677607248799177, "perturbation_loss": 0.0002334032752173698, "perturbation_confusion_loss": 5.576797844842076, "pdisc_loss": 2.290063035674393, "pdisc_acc": 0.3816375732421875}, "_timestamp": 1688133836.1850927, "_runtime": 1015.5178527832031, "_step": 1, "_wandb": {"runtime": 1241}}