{"train": {"msec_per_batch": 485.56031196408156, "d_temp": 1.7014132738113403, "gen_pert_loss": 0.001630106133802101, "gen_param_drift_loss": 0.3616985941858266, "gen_loss": 0.0016662759976903132, "d_pert_loss": 5.561464079414926, "d_pert_acc": 0.003820456573468174, "gen_scalar": 0.0006451851836927966, "d_train_loss": 5.546746137665539, "d_train_acc": 0.0043110499702558}, "val": {"msec_per_batch": 92.39064777814426, "d_temp": 1.7014132738113403, "d_train_loss": 5.5838817449716425, "d_train_acc": 0.004057963329562594, "d_cal_ece": 0.005793502930408487, "perturbation_loss": 1.8605999929814761e-06, "perturbation_confusion_loss": 5.5854014066549444, "pdisc_loss": 2.104840886134368, "pdisc_acc": 0.4836606217006033}, "test": {"msec_per_batch": 92.96970647573471, "d_temp": 1.7014132738113403, "d_train_loss": 5.58512700535357, "d_train_acc": 0.00390625, "d_cal_ece": 0.005070087550848257, "perturbation_loss": 1.8605684344308315e-06, "perturbation_confusion_loss": 5.585403656587005, "pdisc_loss": 2.289883748628199, "pdisc_acc": 0.3816070556640625}, "_timestamp": 1688076099.2093036, "_runtime": 178.42148971557617, "_step": 0, "_wandb": {"runtime": 177}}