{"train": {"msec_per_batch": 3378.031603185142, "d_temp": 1.7014132738113403, "gen_pert_loss": 45.31344654954198, "gen_param_drift_loss": 2.2876223442031116, "gen_loss": 45.31344654954198, "d_pert_loss": 5.567116597803627, "d_pert_acc": 0.004339678762641285, "gen_scalar": -0.0140355637354887, "d_train_loss": 5.474523672243444, "d_train_acc": 0.011122936496133254}, "val": {"msec_per_batch": 55.84465111218966, "d_temp": 1.7014132738113403, "d_train_loss": 5.51921023772313, "d_train_acc": 0.003380408653846154, "d_cal_ece": 0.006560472270043997, "perturbation_loss": 0.0002834097115108027, "perturbation_confusion_loss": 5.578586349120507, "pdisc_loss": 2.10511547097793, "pdisc_acc": 0.4835855015082956}, "test": {"msec_per_batch": 54.88870280981064, "d_temp": 1.7014132738113403, "d_train_loss": 5.519339621067047, "d_train_acc": 0.00390625, "d_cal_ece": 0.0058897439812426455, "perturbation_loss": 0.0002834035251453315, "perturbation_confusion_loss": 5.578575314953923, "pdisc_loss": 2.29011660721153, "pdisc_acc": 0.381683349609375}, "_timestamp": 1688133828.0782819, "_runtime": 1007.59095287323, "_step": 1, "_wandb": {"runtime": 1242}}