{"train": {"msec_per_batch": 490.9499181235709, "d_temp": 1.7014132738113403, "gen_pert_loss": 0.0009062373962057413, "gen_param_drift_loss": 0.24973398012467338, "gen_loss": 0.0009062373962057413, "d_pert_loss": 5.558636700234762, "d_pert_acc": 0.0037251821832242713, "gen_scalar": 0.0003831388163855924, "d_train_loss": 5.546283442799638, "d_train_acc": 0.004620575550267698}, "val": {"msec_per_batch": 91.75499666654147, "d_temp": 1.7014132738113403, "d_train_loss": 5.572871630008404, "d_train_acc": 0.004057963329562594, "d_cal_ece": 0.004678011477853243, "perturbation_loss": 2.3470869704257122e-05, "perturbation_confusion_loss": 5.574887165656457, "pdisc_loss": 2.1048274017297306, "pdisc_acc": 0.4836606217006033}, "test": {"msec_per_batch": 92.82716605067253, "d_temp": 1.7014132738113403, "d_train_loss": 5.574760552495718, "d_train_acc": 0.00390625, "d_cal_ece": 0.0035660755092976615, "perturbation_loss": 2.347061784746529e-05, "perturbation_confusion_loss": 5.5748868230730295, "pdisc_loss": 2.289871715940535, "pdisc_acc": 0.381561279296875}, "_timestamp": 1688074907.9262094, "_runtime": 180.44670343399048, "_step": 0, "_wandb": {"runtime": 353}}