{"train": {"msec_per_batch": 196.05097886992664, "d_temp": 1.7014132738113403, "gen_pert_loss": 0.021623175327290592, "gen_param_drift_loss": 0.4258157296712478, "gen_loss": 0.021623175327290592, "d_pert_loss": 5.561764005335366, "d_pert_acc": 0.0035727431588340273, "gen_scalar": 0.000644269750310608, "d_train_loss": 5.546691429324266, "d_train_acc": 0.00392995240928019}, "val": {"msec_per_batch": 55.740604217235855, "d_temp": 1.7014132738113403, "d_train_loss": 5.585589601443364, "d_train_acc": 0.004057963329562594, "d_cal_ece": 0.00567949774603431, "perturbation_loss": 0.00019741364219673694, "perturbation_confusion_loss": 5.586769470801721, "pdisc_loss": 2.104606807231903, "pdisc_acc": 0.48396110246983404}, "test": {"msec_per_batch": 55.10067963600159, "d_temp": 1.7014132738113403, "d_train_loss": 5.5864912159740925, "d_train_acc": 0.00390625, "d_cal_ece": 0.0049351643028785475, "perturbation_loss": 0.00019743545163919407, "perturbation_confusion_loss": 5.586771570146084, "pdisc_loss": 2.289704881608486, "pdisc_acc": 0.38128662109375}, "_timestamp": 1688075718.768944, "_runtime": 178.6478819847107, "_step": 0, "_wandb": {"runtime": 178}}