{"train": {"msec_per_batch": 195.9194589010099, "d_temp": 1.7014132738113403, "gen_pert_loss": 0.0017323370927464922, "gen_param_drift_loss": 0.3574321851550519, "gen_loss": 0.0017680803144979652, "d_pert_loss": 5.561810963328292, "d_pert_acc": 0.0037251821832242713, "gen_scalar": 0.0006766853404148672, "d_train_loss": 5.54674241600967, "d_train_acc": 0.0043110499702558}, "val": {"msec_per_batch": 53.60232355044438, "d_temp": 1.7014132738113403, "d_train_loss": 5.584411034217248, "d_train_acc": 0.004057963329562594, "d_cal_ece": 0.005947607533576397, "perturbation_loss": 1.873311195875151e-05, "perturbation_confusion_loss": 5.586142448278574, "pdisc_loss": 2.104827883151861, "pdisc_acc": 0.4836606217006033}, "test": {"msec_per_batch": 54.58930443227291, "d_temp": 1.7014132738113403, "d_train_loss": 5.585864642634988, "d_train_acc": 0.00390625, "d_cal_ece": 0.005252050366834737, "perturbation_loss": 1.873332260515781e-05, "perturbation_confusion_loss": 5.586144484579563, "pdisc_loss": 2.289874625392258, "pdisc_acc": 0.3816070556640625}, "_timestamp": 1688076098.3056831, "_runtime": 177.9580101966858, "_step": 0, "_wandb": {"runtime": 177}}