{"train": {"msec_per_batch": 485.47407673161206, "d_temp": 1.7014132738113403, "gen_pert_loss": 0.015888904585970122, "gen_param_drift_loss": 0.384331008557252, "gen_loss": 0.015888904585970122, "d_pert_loss": 5.5615870754893235, "d_pert_acc": 0.0037251821832242713, "gen_scalar": 0.0006868681691100125, "d_train_loss": 5.546759849641381, "d_train_acc": 0.0040015243902439025}, "val": {"msec_per_batch": 92.55428556295541, "d_temp": 1.7014132738113403, "d_train_loss": 5.583842075788057, "d_train_acc": 0.004057963329562594, "d_cal_ece": 0.005616276972712233, "perturbation_loss": 0.0005285825620656117, "perturbation_confusion_loss": 5.585399664365328, "pdisc_loss": 2.104266242339061, "pdisc_acc": 0.4836606217006033}, "test": {"msec_per_batch": 92.76981657743454, "d_temp": 1.7014132738113403, "d_train_loss": 5.585128583014011, "d_train_acc": 0.00390625, "d_cal_ece": 0.0048605284428049345, "perturbation_loss": 0.0005286253165195376, "perturbation_confusion_loss": 5.585401816293597, "pdisc_loss": 2.289179090410471, "pdisc_acc": 0.3819122314453125}, "_timestamp": 1688075531.51242, "_runtime": 177.71700596809387, "_step": 0, "_wandb": {"runtime": 177}}