{"train": {"msec_per_batch": 490.8621331935976, "d_temp": 1.7014132738113403, "gen_pert_loss": 0.003934561912372862, "gen_param_drift_loss": 0.2929816605167131, "gen_loss": 0.0039638600581456285, "d_pert_loss": 5.561814110453536, "d_pert_acc": 0.003591798036882808, "gen_scalar": -4.83982532669848e-05, "d_train_loss": 5.546625707207657, "d_train_acc": 0.004025226799524093}, "val": {"msec_per_batch": 91.75646547170786, "d_temp": 1.7014132738113403, "d_train_loss": 5.584556506230281, "d_train_acc": 0.004057963329562594, "d_cal_ece": 0.0056860873905512, "perturbation_loss": 1.9623140605500128e-05, "perturbation_confusion_loss": 5.586203593474168, "pdisc_loss": 2.104786026936311, "pdisc_acc": 0.48373574189291096}, "test": {"msec_per_batch": 92.85992017388344, "d_temp": 1.7014132738113403, "d_train_loss": 5.585926569998264, "d_train_acc": 0.00390625, "d_cal_ece": 0.00494289024209138, "perturbation_loss": 1.962222957274662e-05, "perturbation_confusion_loss": 5.586205651983619, "pdisc_loss": 2.289829174987972, "pdisc_acc": 0.38165283203125}, "_timestamp": 1688076297.810458, "_runtime": 177.92496585845947, "_step": 0, "_wandb": {"runtime": 177}}