{"train": {"msec_per_batch": 197.9420680348466, "d_temp": 1.7014132738113403, "gen_pert_loss": 0.014630981918996507, "gen_param_drift_loss": 0.3751967194437653, "gen_loss": 0.014630981918996507, "d_pert_loss": 5.561393370279451, "d_pert_acc": 0.0037632919393218323, "gen_scalar": 0.0006175621641271547, "d_train_loss": 5.54671061911234, "d_train_acc": 0.004096798780487805}, "val": {"msec_per_batch": 55.15295373476469, "d_temp": 1.7014132738113403, "d_train_loss": 5.583363505510183, "d_train_acc": 0.00390625, "d_cal_ece": 0.005509504600642965, "perturbation_loss": 0.0005751386981081361, "perturbation_confusion_loss": 5.584979130671575, "pdisc_loss": 2.104682193352626, "pdisc_acc": 0.4831333074095022}, "test": {"msec_per_batch": 54.97685794532299, "d_temp": 1.7014132738113403, "d_train_loss": 5.584700768813491, "d_train_acc": 0.003997802734375, "d_cal_ece": 0.004683763054345036, "perturbation_loss": 0.000575154108219067, "perturbation_confusion_loss": 5.584981156513095, "pdisc_loss": 2.2897115414962173, "pdisc_acc": 0.3817291259765625}, "_timestamp": 1688075530.021427, "_runtime": 180.25475001335144, "_step": 0, "_wandb": {"runtime": 179}}