{"train": {"msec_per_batch": 3695.946879168255, "d_temp": 1.7014132738113403, "gen_pert_loss": 44.60154310287908, "gen_param_drift_loss": 2.3404920165131733, "gen_loss": 44.60154310287908, "d_pert_loss": 5.567351994863371, "d_pert_acc": 0.004334938280785247, "gen_scalar": 0.014566297773498951, "d_train_loss": 5.472106898703227, "d_train_acc": 0.010741838935157644}, "val": {"msec_per_batch": 92.20869273405809, "d_temp": 1.7014132738113403, "d_train_loss": 5.517512734119709, "d_train_acc": 0.003380408653846154, "d_cal_ece": 0.006134840444876597, "perturbation_loss": 0.00028158918184299883, "perturbation_confusion_loss": 5.57541300700261, "pdisc_loss": 2.1050919684079976, "pdisc_acc": 0.48313478035444946}, "test": {"msec_per_batch": 93.16224652528763, "d_temp": 1.7014132738113403, "d_train_loss": 5.517944112420082, "d_train_acc": 0.00390625, "d_cal_ece": 0.0054288723949866835, "perturbation_loss": 0.00028158447696569056, "perturbation_confusion_loss": 5.57541174069047, "pdisc_loss": 2.2900967467576265, "pdisc_acc": 0.3818511962890625}, "_timestamp": 1688133835.2469962, "_runtime": 1015.1724741458893, "_step": 1, "_wandb": {"runtime": 1242}}