{"best_epoch": 0, "best_train_loss": 5.547441060010368, "best_train_accuracy": 0.004219766811279826, "best_train_rank": 127.58612304633183, "best_train_weight_norm": 29.270664516107395, "best_train_grad_norm": 0.5060171420327275, "best_train_lr": 6.821089813567366e-06, "best_train_time_per_batch": 33.39349617616732, "best_val_loss": 5.546261750378655, "best_val_accuracy": 0.0031856796116504853, "best_val_rank": 126.70490291262135, "best_val_time_per_batch": 9.055580893766534, "best_test_loss": 5.546838064212352, "best_test_accuracy": 0.0041046142578125, "best_test_rank": 127.18234252929688, "best_test_time_per_batch": 8.661488964222372, "train": {"loss": 5.547441060010368, "accuracy": 0.004219766811279826, "rank": 127.58612304633183, "weight_norm": 29.270664516107395, "grad_norm": 0.5060171420327275, "lr": 6.821089813567366e-06, "time_per_batch": 33.39349617616732}, "val": {"loss": 5.546261750378655, "accuracy": 0.0031856796116504853, "rank": 126.70490291262135, "time_per_batch": 9.055580893766534}, "test": {"loss": 5.546838064212352, "accuracy": 0.0041046142578125, "rank": 127.18234252929688, "time_per_batch": 8.661488964222372}, "_timestamp": 1687528582.119077, "_runtime": 964.0683879852295, "_step": 0, "_wandb": {"runtime": 1097}}