{"train": {"msec_per_batch": 488.19875086342415, "d_temp": 1.7014132738113403, "gen_pert_loss": 0.16774421353626034, "gen_param_drift_loss": 0.3748425938568136, "gen_loss": 0.16774421353626034, "d_pert_loss": 5.561659375632681, "d_pert_acc": 0.0037632919393218323, "gen_scalar": -0.0006557024413226031, "d_train_loss": 5.546747498395966, "d_train_acc": 0.00392995240928019}, "val": {"msec_per_batch": 92.2354990885808, "d_temp": 1.7014132738113403, "d_train_loss": 5.58430134333097, "d_train_acc": 0.004057963329562594, "d_cal_ece": 0.0059443459523698455, "perturbation_loss": 0.004728057788899885, "perturbation_confusion_loss": 5.5860740679960985, "pdisc_loss": 2.1145887558276835, "pdisc_acc": 0.4793787707390648}, "test": {"msec_per_batch": 93.38647186756134, "d_temp": 1.7014132738113403, "d_train_loss": 5.585800364613533, "d_train_acc": 0.00390625, "d_cal_ece": 0.005248268767900299, "perturbation_loss": 0.004728745858301409, "perturbation_confusion_loss": 5.586075745522976, "pdisc_loss": 2.298841250129044, "pdisc_acc": 0.3790130615234375}, "_timestamp": 1688075911.4671116, "_runtime": 181.03701448440552, "_step": 0, "_wandb": {"runtime": 180}}