{"train": {"msec_per_batch": 495.79523136790203, "d_temp": 1.7014132738113403, "gen_pert_loss": 0.002184609759392404, "gen_param_drift_loss": 0.3969315226313353, "gen_loss": 0.002184609759392404, "d_pert_loss": 5.561816950542171, "d_pert_acc": 0.0038014016954193933, "gen_scalar": 0.0008172179095930826, "d_train_loss": 5.546772119475574, "d_train_acc": 0.00428734756097561}, "val": {"msec_per_batch": 92.61672155673688, "d_temp": 1.7014132738113403, "d_train_loss": 5.584474811187158, "d_train_acc": 0.004057963329562594, "d_cal_ece": 0.0059227386417870335, "perturbation_loss": 1.0500034459955014e-05, "perturbation_confusion_loss": 5.586212112353398, "pdisc_loss": 2.1048299853618326, "pdisc_acc": 0.4836606217006033}, "test": {"msec_per_batch": 93.01519191265106, "d_temp": 1.7014132738113403, "d_train_loss": 5.5859387665987015, "d_train_acc": 0.00390625, "d_cal_ece": 0.005222739193413872, "perturbation_loss": 1.0499281827947016e-05, "perturbation_confusion_loss": 5.586213763803244, "pdisc_loss": 2.2898701494559646, "pdisc_acc": 0.38165283203125}, "_timestamp": 1688075343.4401922, "_runtime": 181.54932928085327, "_step": 0, "_wandb": {"runtime": 181}}