{"train": {"msec_per_batch": 201.12283317752002, "d_temp": 1.7014132738113403, "gen_pert_loss": 0.002073508544903811, "gen_param_drift_loss": 0.2567642766684227, "gen_loss": 0.002073508544903811, "d_pert_loss": 5.558626614547357, "d_pert_acc": 0.0037251821832242713, "gen_scalar": 0.0009185457037236164, "d_train_loss": 5.546265020603087, "d_train_acc": 0.0047158499405116}, "val": {"msec_per_batch": 55.135193017812874, "d_temp": 1.7014132738113403, "d_train_loss": 5.572887411484351, "d_train_acc": 0.004057963329562594, "d_cal_ece": 0.004691265872679651, "perturbation_loss": 3.8666107194820564e-05, "perturbation_confusion_loss": 5.574865185297453, "pdisc_loss": 2.1048766535062056, "pdisc_acc": 0.4836606217006033}, "test": {"msec_per_batch": 54.71867178380489, "d_temp": 1.7014132738113403, "d_train_loss": 5.574739053845406, "d_train_acc": 0.00390625, "d_cal_ece": 0.0036005601668875897, "perturbation_loss": 3.8668194633828534e-05, "perturbation_confusion_loss": 5.574864571914077, "pdisc_loss": 2.2899332027882338, "pdisc_acc": 0.3816070556640625}, "_timestamp": 1688074907.3205593, "_runtime": 179.43890023231506, "_step": 0, "_wandb": {"runtime": 352}}