{"train": {"msec_per_batch": 197.9486696568931, "d_temp": 1.7014132738113403, "gen_pert_loss": 0.0008684148306556602, "gen_param_drift_loss": 0.2492160414933365, "gen_loss": 0.0008684148306556602, "d_pert_loss": 5.558579091327946, "d_pert_acc": 0.003782346817370613, "gen_scalar": 0.00037896804731467343, "d_train_loss": 5.546265741673912, "d_train_acc": 0.004525301160023795}, "val": {"msec_per_batch": 54.7334522834191, "d_temp": 1.7014132738113403, "d_train_loss": 5.5728999376297, "d_train_acc": 0.004057963329562594, "d_cal_ece": 0.004701934951859025, "perturbation_loss": 2.367029009502193e-05, "perturbation_confusion_loss": 5.574877647253183, "pdisc_loss": 2.104821195969215, "pdisc_acc": 0.48373574189291096}, "test": {"msec_per_batch": 53.77156361937523, "d_temp": 1.7014132738113403, "d_train_loss": 5.574750555679202, "d_train_acc": 0.00390625, "d_cal_ece": 0.0036282875589677133, "perturbation_loss": 2.3670628223726453e-05, "perturbation_confusion_loss": 5.574877377599478, "pdisc_loss": 2.2898686472326517, "pdisc_acc": 0.3815155029296875}, "_timestamp": 1688074906.9401898, "_runtime": 179.54947185516357, "_step": 0, "_wandb": {"runtime": 353}}