{"train": {"msec_per_batch": 193.67909170011194, "d_temp": 1.7014132738113403, "gen_pert_loss": 0.001713253036936427, "gen_param_drift_loss": 0.4057789678808928, "gen_loss": 0.001713253036936427, "d_pert_loss": 5.561659866426049, "d_pert_acc": 0.00366801754907793, "gen_scalar": 0.0007824006368448353, "d_train_loss": 5.546729436734828, "d_train_acc": 0.004406324360499703}, "val": {"msec_per_batch": 54.69861599115225, "d_temp": 1.7014132738113403, "d_train_loss": 5.583280645884001, "d_train_acc": 0.004057963329562594, "d_cal_ece": 0.005667642367860446, "perturbation_loss": 4.253644363836009e-05, "perturbation_confusion_loss": 5.585108481920683, "pdisc_loss": 2.1048282178548665, "pdisc_acc": 0.4835855015082956}, "test": {"msec_per_batch": 54.11955924332142, "d_temp": 1.7014132738113403, "d_train_loss": 5.584827015176415, "d_train_acc": 0.00390625, "d_cal_ece": 0.004921234936773544, "perturbation_loss": 4.253975728829573e-05, "perturbation_confusion_loss": 5.585110178217292, "pdisc_loss": 2.289870292879641, "pdisc_acc": 0.381683349609375}, "_timestamp": 1688075340.3515022, "_runtime": 178.6200032234192, "_step": 0, "_wandb": {"runtime": 178}}