{"best_epoch": 45, "best_train_loss": 2.0467583874559714, "best_train_accuracy": 0.319883614216586, "best_train_rank": 3.244712146810168, "best_train_weight_norm": 55.52507101606179, "best_train_grad_norm": 15.438325722362036, "best_train_lr": 1.1110972824090004e-05, "best_train_time_per_batch": 23.374911407586552, "best_val_loss": 2.0497086349042872, "best_val_accuracy": 0.3193143203883495, "best_val_rank": 3.1922208737864075, "best_val_time_per_batch": 7.529778316182997, "best_test_loss": 2.04506889404729, "best_test_accuracy": 0.3142547607421875, "best_test_rank": 3.1788177490234375, "best_test_time_per_batch": 7.221912031527609, "train": {"loss": 2.0290951596940676, "accuracy": 0.3280350513098615, "rank": 3.185181322654208, "weight_norm": 55.59095220601262, "grad_norm": 15.427152966063161, "lr": 1.854466621271966e-07, "time_per_batch": 24.016820386278397}, "val": {"loss": 2.5052047655420395, "accuracy": 0.2285133495145631, "rank": 5.232087378640776, "time_per_batch": 7.0866730676113985}, "test": {"loss": 2.516332819010131, "accuracy": 0.2281646728515625, "rank": 5.3602142333984375, "time_per_batch": 7.2730158674530685}, "_timestamp": 1687568304.121156, "_runtime": 39467.730279922485, "_step": 49, "_wandb": {"runtime": 39467}}