{"train": {"msec_per_batch": 196.88623121308117, "d_temp": 1.7014132738113403, "gen_pert_loss": 0.005649171378438662, "gen_param_drift_loss": 0.29463751185758846, "gen_loss": 0.005678635173950852, "d_pert_loss": 5.561596816923561, "d_pert_acc": 0.0036870724271267103, "gen_scalar": 7.711978757952681e-05, "d_train_loss": 5.546746102775016, "d_train_acc": 0.004215775580011898}, "val": {"msec_per_batch": 53.37212190261254, "d_temp": 1.7014132738113403, "d_train_loss": 5.58397220648252, "d_train_acc": 0.004057963329562594, "d_cal_ece": 0.005739112492077625, "perturbation_loss": 0.00021910912787111907, "perturbation_confusion_loss": 5.5856999800755425, "pdisc_loss": 2.1050556943966794, "pdisc_acc": 0.4831333074095022}, "test": {"msec_per_batch": 54.30641619861126, "d_temp": 1.7014132738113403, "d_train_loss": 5.5854318253695965, "d_train_acc": 0.00390625, "d_cal_ece": 0.005005750997952418, "perturbation_loss": 0.00021912613402719217, "perturbation_confusion_loss": 5.5857019536197186, "pdisc_loss": 2.2901484770700336, "pdisc_acc": 0.3814239501953125}, "_timestamp": 1688076353.5630887, "_runtime": 178.1829845905304, "_step": 0, "_wandb": {"runtime": 177}}