{"train": {"msec_per_batch": 197.1073182641006, "d_temp": 1.7014132738113403, "gen_pert_loss": 0.0026981672372174926, "gen_param_drift_loss": 0.3956630616706032, "gen_loss": 0.002737733529477598, "d_pert_loss": 5.561231513139679, "d_pert_acc": 0.0037632919393218323, "gen_scalar": 0.0013707353511208345, "d_train_loss": 5.546781621328214, "d_train_acc": 0.004025226799524093}, "val": {"msec_per_batch": 54.23932853111854, "d_temp": 1.7014132738113403, "d_train_loss": 5.582378635039697, "d_train_acc": 0.004057963329562594, "d_cal_ece": 0.005619084498343559, "perturbation_loss": 6.855479645869658e-05, "perturbation_confusion_loss": 5.583949850155757, "pdisc_loss": 2.1049177532012644, "pdisc_acc": 0.4835103813159879}, "test": {"msec_per_batch": 55.468620628118515, "d_temp": 1.7014132738113403, "d_train_loss": 5.583679078146815, "d_train_acc": 0.00390625, "d_cal_ece": 0.004863838305027457, "perturbation_loss": 6.855425266394377e-05, "perturbation_confusion_loss": 5.583951584994793, "pdisc_loss": 2.289934095926583, "pdisc_acc": 0.3816375732421875}, "_timestamp": 1688076098.9689379, "_runtime": 177.21627688407898, "_step": 0, "_wandb": {"runtime": 176}}