{"train": {"msec_per_batch": 211.30418440655964, "d_temp": 1.7014132738113403, "gen_pert_loss": 3.5358715666946385, "gen_param_drift_loss": 0.40094928536266444, "gen_loss": 3.5358715666946385, "d_pert_loss": 5.561365418317841, "d_pert_acc": 0.0035727431588340273, "gen_scalar": 0.0005572444738257817, "d_train_loss": 5.546810196667183, "d_train_acc": 0.004120501189767995}, "val": {"msec_per_batch": 55.32103630212637, "d_temp": 1.7014132738113403, "d_train_loss": 5.584070169008696, "d_train_acc": 0.004057963329562594, "d_cal_ece": 0.0057960311129975775, "perturbation_loss": 0.0002906342465743924, "perturbation_confusion_loss": 5.585580073870146, "pdisc_loss": 2.1056004900198717, "pdisc_acc": 0.4838108620852187}, "test": {"msec_per_batch": 54.90125949680805, "d_temp": 1.7014132738113403, "d_train_loss": 5.585305653512478, "d_train_acc": 0.00390625, "d_cal_ece": 0.005072963871498359, "perturbation_loss": 0.0002906628742493922, "perturbation_confusion_loss": 5.585582444444299, "pdisc_loss": 2.2907230211421847, "pdisc_acc": 0.3815460205078125}, "_timestamp": 1688075912.3413563, "_runtime": 180.6851043701172, "_step": 0, "_wandb": {"runtime": 180}}