{"train": {"msec_per_batch": 152.30127280630717, "d_temp": 1.7014132738113403, "gen_pert_loss": 0.011839290243431872, "gen_param_drift_loss": 1.64972376936808, "gen_loss": 0.011839290243431872, "d_pert_loss": 5.559598263298593, "d_pert_acc": 0.004433352470700032, "gen_scalar": -0.0020133828887127295, "d_train_loss": 5.544916216920062, "d_train_acc": 0.004477896341463414}, "val": {"msec_per_batch": 32.335638138854385, "d_temp": 1.7014132738113403, "d_train_loss": 5.548240078305735, "d_train_acc": 0.002958131067961165, "d_cal_ece": 0.004900449905002002, "perturbation_loss": 0.00013722638764590458, "perturbation_confusion_loss": 5.550237475089657, "pdisc_loss": 2.114244597629436, "pdisc_acc": 0.47980469493622696}, "test": {"msec_per_batch": 31.673504009842873, "d_temp": 1.7014132738113403, "d_train_loss": 5.547823921777308, "d_train_acc": 0.0039520263671875, "d_cal_ece": 0.004246939456606924, "perturbation_loss": 0.0001372254351679203, "perturbation_confusion_loss": 5.550253744237125, "pdisc_loss": 2.303857280407101, "pdisc_acc": 0.3782501220703125}, "_timestamp": 1688074071.9478164, "_runtime": 201.88190245628357, "_step": 0, "_wandb": {"runtime": 455}}