{"train": {"msec_per_batch": 193.16953005907013, "d_temp": 1.7014132738113403, "gen_pert_loss": 0.002611206072061777, "gen_param_drift_loss": 0.4104229195641185, "gen_loss": 0.002611206072061777, "d_pert_loss": 5.561538298537092, "d_pert_acc": 0.003706127305175491, "gen_scalar": 0.0009593640823856354, "d_train_loss": 5.546693650687613, "d_train_acc": 0.0043110499702558}, "val": {"msec_per_batch": 54.62019683764531, "d_temp": 1.7014132738113403, "d_train_loss": 5.583445750750029, "d_train_acc": 0.004057963329562594, "d_cal_ece": 0.0056333351844491866, "perturbation_loss": 2.7538669445885505e-05, "perturbation_confusion_loss": 5.585167673917917, "pdisc_loss": 2.104834338793388, "pdisc_acc": 0.4836606217006033}, "test": {"msec_per_batch": 55.302242770791054, "d_temp": 1.7014132738113403, "d_train_loss": 5.584889840334654, "d_train_acc": 0.00390625, "d_cal_ece": 0.004880629632680211, "perturbation_loss": 2.753773146224603e-05, "perturbation_confusion_loss": 5.585169441998005, "pdisc_loss": 2.289870796725154, "pdisc_acc": 0.381591796875}, "_timestamp": 1688075529.299228, "_runtime": 179.0590808391571, "_step": 0, "_wandb": {"runtime": 178}}