{"train": {"msec_per_batch": 203.35311777998763, "d_temp": 1.7014132738113403, "gen_pert_loss": 0.0020694040766279726, "gen_param_drift_loss": 0.4103070652894666, "gen_loss": 0.0020694040766279726, "d_pert_loss": 5.561639343819967, "d_pert_acc": 0.003744237061273052, "gen_scalar": 0.0008031005131381723, "d_train_loss": 5.546774305948397, "d_train_acc": 0.00392995240928019}, "val": {"msec_per_batch": 55.94679106198824, "d_temp": 1.7014132738113403, "d_train_loss": 5.58371994128594, "d_train_acc": 0.004057963329562594, "d_cal_ece": 0.006029173481063201, "perturbation_loss": 4.418774145821002e-05, "perturbation_confusion_loss": 5.585386982330909, "pdisc_loss": 2.1048822357104373, "pdisc_acc": 0.4835103813159879}, "test": {"msec_per_batch": 55.07563555240631, "d_temp": 1.7014132738113403, "d_train_loss": 5.585105028003454, "d_train_acc": 0.00390625, "d_cal_ece": 0.005348396982299164, "perturbation_loss": 4.4188018875956914e-05, "perturbation_confusion_loss": 5.585388906300068, "pdisc_loss": 2.2899128273129463, "pdisc_acc": 0.3816986083984375}, "_timestamp": 1688075340.8832855, "_runtime": 179.3622624874115, "_step": 0, "_wandb": {"runtime": 178}}