{"train": {"msec_per_batch": 197.65131571699933, "d_temp": 1.7014132738113403, "gen_pert_loss": 0.15855201083864015, "gen_param_drift_loss": 0.35645966179280375, "gen_loss": 0.15855201083864015, "d_pert_loss": 5.5618787812023625, "d_pert_acc": 0.003820456573468174, "gen_scalar": -0.00046553838857764786, "d_train_loss": 5.546606470898884, "d_train_acc": 0.00390625}, "val": {"msec_per_batch": 54.95963822878324, "d_temp": 1.7014132738113403, "d_train_loss": 5.585218943082369, "d_train_acc": 0.004057963329562594, "d_cal_ece": 0.005990670134241764, "perturbation_loss": 0.0008532927425291676, "perturbation_confusion_loss": 5.586770617044889, "pdisc_loss": 2.103946940256999, "pdisc_acc": 0.48411134285444946}, "test": {"msec_per_batch": 54.566733464598656, "d_temp": 1.7014132738113403, "d_train_loss": 5.586487326771021, "d_train_acc": 0.00390625, "d_cal_ece": 0.005303070491208928, "perturbation_loss": 0.0008532709964583773, "perturbation_confusion_loss": 5.58677295409143, "pdisc_loss": 2.289021233096719, "pdisc_acc": 0.3820648193359375}, "_timestamp": 1688075910.2286482, "_runtime": 180.10374522209167, "_step": 0, "_wandb": {"runtime": 179}}