{"train": {"msec_per_batch": 191.59370258610423, "d_temp": 1.7014132738113403, "gen_pert_loss": 0.01678860955864543, "gen_param_drift_loss": 0.35959271568870754, "gen_loss": 0.01678860955864543, "d_pert_loss": 5.561891239445384, "d_pert_acc": 0.003744237061273052, "gen_scalar": 0.00039016586788503867, "d_train_loss": 5.5467401713859745, "d_train_acc": 0.004025226799524093}, "val": {"msec_per_batch": 54.884311565986046, "d_temp": 1.7014132738113403, "d_train_loss": 5.585455087515024, "d_train_acc": 0.004057963329562594, "d_cal_ece": 0.006096166469013462, "perturbation_loss": 0.0001286479452504024, "perturbation_confusion_loss": 5.587098121643066, "pdisc_loss": 2.104796294982617, "pdisc_acc": 0.48396110246983404}, "test": {"msec_per_batch": 53.88949464261532, "d_temp": 1.7014132738113403, "d_train_loss": 5.586830612272024, "d_train_acc": 0.00390625, "d_cal_ece": 0.0054277828967315145, "perturbation_loss": 0.00012865045550825016, "perturbation_confusion_loss": 5.587100476026535, "pdisc_loss": 2.28982868231833, "pdisc_acc": 0.3813323974609375}, "_timestamp": 1688075718.155368, "_runtime": 178.5871000289917, "_step": 0, "_wandb": {"runtime": 178}}