{"best_epoch": 0, "best_train_loss": 5.547165792572783, "best_train_accuracy": 0.00369441431670282, "best_train_rank": 128.91238085057566, "best_train_weight_norm": 29.284224197704255, "best_train_grad_norm": 0.2519905554045123, "best_train_lr": 9.327297494047449e-05, "best_train_time_per_batch": 120.18697684861057, "best_val_loss": 5.546938734147155, "best_val_accuracy": 0.00379247572815534, "best_val_rank": 129.5657099514563, "best_val_time_per_batch": 29.518083831638965, "best_test_loss": 5.545466136652976, "best_test_accuracy": 0.0037994384765625, "best_test_rank": 126.70541381835938, "best_test_time_per_batch": 26.32718421332538, "train": {"loss": 5.547165792572783, "accuracy": 0.00369441431670282, "rank": 128.91238085057566, "weight_norm": 29.284224197704255, "grad_norm": 0.2519905554045123, "lr": 9.327297494047449e-05, "time_per_batch": 120.18697684861057}, "val": {"loss": 5.546938734147155, "accuracy": 0.00379247572815534, "rank": 129.5657099514563, "time_per_batch": 29.518083831638965}, "test": {"loss": 5.545466136652976, "accuracy": 0.0037994384765625, "rank": 126.70541381835938, "time_per_batch": 26.32718421332538}, "_timestamp": 1687527141.5818577, "_runtime": 1058.211701631546, "_step": 0, "_wandb": {"runtime": 1211}}