{"train": {"msec_per_batch": 151.41266490657156, "d_temp": 1.7014132738113403, "gen_pert_loss": 0.016695610622299704, "gen_param_drift_loss": 1.8470793892408526, "gen_loss": 0.016695610622299704, "d_pert_loss": 5.559452380203619, "d_pert_acc": 0.004471462226797593, "gen_scalar": -0.003983494308157588, "d_train_loss": 5.544874673936425, "d_train_acc": 0.004573170731707317}, "val": {"msec_per_batch": 32.075267717676255, "d_temp": 1.7014132738113403, "d_train_loss": 5.548298215403141, "d_train_acc": 0.002958131067961165, "d_cal_ece": 0.004891610202533238, "perturbation_loss": 0.0001232423220571239, "perturbation_confusion_loss": 5.550129844147024, "pdisc_loss": 2.1142287115448886, "pdisc_acc": 0.47972884542166383}, "test": {"msec_per_batch": 31.811576709151268, "d_temp": 1.7014132738113403, "d_train_loss": 5.547745735384524, "d_train_acc": 0.0038909912109375, "d_cal_ece": 0.004332793210778618, "perturbation_loss": 0.00012323761438892689, "perturbation_confusion_loss": 5.550144452601671, "pdisc_loss": 2.303839447442442, "pdisc_acc": 0.3783111572265625}, "_timestamp": 1688074071.5779965, "_runtime": 201.69812655448914, "_step": 0, "_wandb": {"runtime": 455}}