{"train": {"msec_per_batch": 201.40528705876048, "d_temp": 1.7014132738113403, "gen_pert_loss": 0.006328219092144381, "gen_param_drift_loss": 0.5168505896935088, "gen_loss": 0.006379904156283302, "d_pert_loss": 5.5616506716100185, "d_pert_acc": 0.0036870724271267103, "gen_scalar": 0.001959406356808159, "d_train_loss": 5.546749615087742, "d_train_acc": 0.0038109756097560975}, "val": {"msec_per_batch": 55.722636424578155, "d_temp": 1.7014132738113403, "d_train_loss": 5.584131662662212, "d_train_acc": 0.004057963329562594, "d_cal_ece": 0.005809485607852156, "perturbation_loss": 3.5037147846686333e-05, "perturbation_confusion_loss": 5.585708187176631, "pdisc_loss": 2.1047854882020216, "pdisc_acc": 0.4835855015082956}, "test": {"msec_per_batch": 55.938266560435295, "d_temp": 1.7014132738113403, "d_train_loss": 5.585422448813915, "d_train_acc": 0.00390625, "d_cal_ece": 0.005088878620881587, "perturbation_loss": 3.5047948685473784e-05, "perturbation_confusion_loss": 5.585709448903799, "pdisc_loss": 2.289828933775425, "pdisc_acc": 0.3816680908203125}, "_timestamp": 1688076294.490089, "_runtime": 181.26201605796814, "_step": 0, "_wandb": {"runtime": 180}}